CLUSTERID1	CLUSTERID2	DeltaMZ	MinRatio	Cosine	AlignScore2	AlignScore3
21868	21905	-0.996	0.000	0.9359	0.8297	1
21868	23405	-42.010	0.000	0.8340	0.7303	1
21870	21903	-0.970	0.000	0.7011	0.6044	1
21875	21897	-0.982	0.000	0.8542	0.7875	1
21883	21906	-0.993	0.000	0.9020	0.8450	1
21885	21919	-0.999	0.000	0.9694	0.9012	1
21885	34054	-632.322	0.000	0.7681	0.6177	1
21886	21919	-1.005	0.000	0.7276	0.4937	1
21887	21923	-1.011	0.000	0.9153	0.8174	1
21888	21926	-1.008	0.000	0.9669	0.9262	1
21889	21924	-0.993	0.000	0.9577	0.8913	1
21891	21900	-0.882	0.000	0.7364	0.5914	1
21893	21930	-1.008	0.000	0.9431	0.8712	1
21905	23444	-42.014	0.000	0.7993	0.7019	1
21908	21913	-0.006	0.000	0.8489	0.5852	1
21909	21941	-1.008	0.000	0.8855	0.6929	1
21911	21959	1565.796	0.000	0.7923	0.6940	1
21911	22234	-17.020	0.000	0.7834	0.6254	1
21911	22252	-18.020	0.000	0.8458	0.7222	1
21911	22274	-19.024	0.000	0.7758	0.6367	1
21919	34070	-632.328	0.000	0.7580	0.5644	1
21922	21943	-1.005	0.000	0.9148	0.8327	1
21928	21961	-1.000	0.000	0.9738	0.9320	1
21929	38560	18.027	0.000	0.7229	0.5753	1
21929	38568	17.025	0.000	0.7455	0.6054	1
21936	21963	-1.002	0.000	0.9521	0.9104	1
21936	21976	-2.022	0.000	0.8570	0.7434	1
21936	22338	-17.016	0.000	0.8512	0.7253	1
21936	22395	-19.026	0.000	0.8926	0.7679	1
21946	21970	-1.008	0.000	0.9363	0.8843	1
21946	26806	-215.127	0.000	0.7132	0.6372	1
21946	26829	-216.144	0.000	0.7097	0.6488	1
21949	21972	-1.011	0.000	0.9067	0.8106	1
21949	22002	-786.365	0.000	0.8521	0.6799	1
21951	21980	-0.988	0.000	0.8972	0.7485	1
21955	21990	-1.006	0.000	0.9576	0.8900	1
21959	22234	-1582.816	0.000	0.7152	0.5775	1
21959	22252	-1583.816	0.000	0.7188	0.5698	1
21963	21976	-1.020	0.000	0.8852	0.7700	1
21963	22338	-16.014	0.000	0.8636	0.7308	1
21963	22395	-18.024	0.000	0.8993	0.7725	1
21963	22476	-21.969	0.000	0.7053	0.5887	1
21968	21995	-0.999	0.000	0.9641	0.9106	1
21970	26806	-214.119	0.000	0.7103	0.6190	1
21970	26829	-215.136	0.000	0.7142	0.6418	1
21972	22002	-785.354	0.000	0.9099	0.8114	1
21974	22010	-1.016	0.000	0.9310	0.8787	1
21976	22338	-14.994	0.000	0.8413	0.6926	1
21976	22395	-17.004	0.000	0.9006	0.7603	1
21982	22014	-1.020	0.000	0.8677	0.7849	1
21988	22020	-1.005	0.000	0.8904	0.7997	1
21994	22016	-1.004	0.000	0.8373	0.8192	1
21997	22015	-0.988	0.000	0.9063	0.7850	1
21997	22028	-2.000	0.000	0.8669	0.7527	1
22008	22024	-1.014	0.000	0.9103	0.8479	1
22015	22028	-1.012	0.000	0.8566	0.7147	1
22017	22029	-1.012	0.000	0.8054	0.7234	1
22018	22035	-0.993	0.000	0.8335	0.7716	1
22018	22049	783.361	0.000	0.7505	0.7005	1
22019	22036	-0.987	0.000	0.9240	0.8569	1
22023	22038	-1.011	0.000	0.8281	0.6461	1
22023	22062	-2.016	0.000	0.8124	0.6129	1
22035	22049	784.354	0.000	0.7612	0.6485	1
22037	22056	-1.008	0.000	0.9146	0.7980	1
22038	22062	-1.005	0.000	0.9032	0.7965	1
22039	22065	-0.996	0.000	0.9771	0.9484	1
22039	22079	-1.989	0.000	0.8418	0.8384	1
22039	26529	-199.125	0.000	0.7474	0.6813	1
22039	26544	-200.130	0.000	0.7057	0.6441	1
22042	22057	-0.992	0.000	0.7439	0.6141	1
22042	22070	-2.000	0.000	0.7415	0.5799	1
22044	22045	-0.002	0.000	0.8608	0.5679	1
22044	22083	-1.006	0.000	0.8577	0.5971	1
22045	22083	-1.004	0.000	0.9520	0.8709	1
22046	22085	-0.998	0.000	0.9372	0.8671	1
22050	22087	-0.998	0.000	0.9416	0.8729	1
22057	22070	-1.008	0.000	0.8376	0.6814	1
22060	22090	-1.018	0.000	0.7393	0.5170	1
22064	22581	-14.008	0.000	0.7030	0.5493	1
22065	22079	-0.993	0.000	0.8875	0.8325	1
22065	26529	-198.129	0.000	0.7226	0.6474	1
22065	26544	-199.134	0.000	0.7327	0.6788	1
22067	22095	-1.000	0.000	0.9020	0.8039	1
22071	22096	-1.004	0.000	0.8851	0.7966	1
22071	22098	-1.000	0.000	0.7955	0.5895	1
22082	22116	-1.002	0.000	0.8636	0.6362	1
22091	22107	-0.996	0.000	0.8310	0.6957	1
22092	22139	-1.000	0.000	0.8407	0.7644	1
22092	26450	-128.104	0.000	0.7870	0.6421	1
22093	22143	-1.006	0.000	0.9526	0.8868	1
22096	22098	0.004	0.000	0.8057	0.6083	1
22099	22516	-17.019	0.000	0.8000	0.6755	1
22105	22142	-1.998	0.000	0.7812	0.6390	1
22113	22142	-1.014	0.000	0.8243	0.7535	1
22121	22149	-1.008	0.000	0.8352	0.7248	1
22121	22158	-1.988	0.000	0.7051	0.6749	1
22124	22152	-1.002	0.000	0.9808	0.9425	1
22124	22180	-2.004	0.000	0.9514	0.8820	1
22124	22181	-2.001	0.000	0.7856	0.4780	1
22124	22560	-18.030	0.000	0.8869	0.8382	1
22124	25095	-129.093	0.000	0.7314	0.6974	1
22124	38692	0.010	0.000	0.7113	0.7282	1
22124	38701	-0.998	0.000	0.7153	0.7125	1
22129	22170	-1.002	0.000	0.9774	0.9384	1
22133	22155	-1.008	0.000	0.8692	0.7865	1
22133	22186	-2.022	0.000	0.7629	0.6106	1
22144	22165	-0.994	0.000	0.9016	0.7787	1
22152	22153	0.003	0.000	0.7585	0.5021	1
22152	22180	-1.002	0.000	0.9704	0.9050	1
22152	22200	-2.001	0.000	0.8491	0.7552	1
22152	22560	-17.028	0.000	0.8870	0.8488	1
22152	25095	-128.091	0.000	0.7810	0.7611	1
22152	25123	-129.093	0.000	0.7380	0.7216	1
22152	38692	1.012	0.000	0.7080	0.7341	1
22152	38701	0.004	0.000	0.7051	0.7061	1
22153	22180	-1.005	0.000	0.7521	0.4819	1
22153	22181	-1.002	0.000	0.7509	0.5427	1
22153	22200	-2.004	0.000	0.7161	0.5409	1
22155	22186	-1.014	0.000	0.8845	0.7590	1
22156	22157	-0.009	0.000	0.8092	0.5706	1
22156	22185	-0.999	0.000	0.9092	0.7329	1
22156	22187	-1.002	0.000	0.9376	0.7950	1
22156	22221	-2.001	0.000	0.9113	0.7606	1
22156	22569	-17.013	0.000	0.8667	0.6657	1
22156	22593	-18.024	0.000	0.8662	0.7423	1
22156	22594	-18.033	0.000	0.7215	0.4782	1
22156	22619	-19.026	0.000	0.8836	0.7526	1
22157	22185	-0.990	0.000	0.8252	0.6695	1
22157	22187	-0.993	0.000	0.7584	0.4816	1
22157	22221	-1.992	0.000	0.7225	0.4358	1
22157	22569	-17.004	0.000	0.7678	0.4687	1
22157	22593	-18.015	0.000	0.7112	0.4404	1
22157	22594	-18.024	0.000	0.7683	0.5860	1
22157	22619	-19.017	0.000	0.7490	0.4878	1
22162	22208	-1.006	0.000	0.9262	0.8175	1
22162	22803	-15.998	0.000	0.9142	0.8093	1
22162	22841	-16.994	0.000	0.7070	0.4601	1
22162	22847	-17.004	0.000	0.7241	0.5364	1
22164	22695	-14.016	0.000	0.7764	0.6767	1
22166	22210	-0.992	0.000	0.9701	0.9237	1
22168	22219	-1.004	0.000	0.8363	0.6707	1
22175	22189	-0.988	0.000	0.9006	0.8321	1
22179	22196	-1.005	0.000	0.8787	0.7774	1
22180	22181	0.003	0.000	0.7735	0.4662	1
22180	22200	-0.999	0.000	0.8747	0.7492	1
22180	22560	-16.026	0.000	0.8572	0.7776	1
22180	25123	-128.091	0.000	0.7560	0.7149	1
22181	22560	-16.029	0.000	0.7313	0.4431	1
22183	22204	-0.999	0.000	0.8936	0.7910	1
22183	22206	-0.987	0.000	0.7420	0.5141	1
22185	22187	-0.003	0.000	0.8737	0.6270	1
22185	22221	-1.002	0.000	0.8425	0.5823	1
22185	22569	-16.014	0.000	0.8636	0.6214	1
22185	22593	-17.025	0.000	0.8005	0.5768	1
22185	22594	-17.034	0.000	0.7118	0.5576	1
22185	22619	-18.027	0.000	0.8453	0.6217	1
22187	22221	-0.999	0.000	0.9677	0.8995	1
22187	22569	-16.011	0.000	0.8562	0.7166	1
22187	22593	-17.022	0.000	0.8959	0.7919	1
22187	22619	-18.024	0.000	0.8864	0.7480	1
22193	22249	-0.998	0.000	0.9574	0.8944	1
22204	22206	0.012	0.000	0.7421	0.4931	1
22208	22803	-14.992	0.000	0.7573	0.6628	1
22208	22841	-15.988	0.000	0.8583	0.6180	1
22208	22847	-15.998	0.000	0.9107	0.8159	1
22210	22255	-1.020	0.000	0.7528	0.7002	1
22216	22240	-1.002	0.000	0.8408	0.7488	1
22218	22222	-0.008	0.000	0.8272	0.6017	1
22218	22232	-1.000	0.000	0.8613	0.7954	1
22221	22569	-15.012	0.000	0.8297	0.6730	1
22221	22593	-16.023	0.000	0.8802	0.7522	1
22221	22619	-17.025	0.000	0.8711	0.7136	1
22222	22232	-0.992	0.000	0.7949	0.5914	1
22223	22246	-1.002	0.000	0.9797	0.9283	1
22223	22271	-2.001	0.000	0.9641	0.8988	1
22223	26365	-183.129	0.000	0.7888	0.5988	1
22223	26378	-184.143	0.000	0.7927	0.6321	1
22223	26663	-199.128	0.000	0.7952	0.6741	1
22223	26688	-200.133	0.000	0.7741	0.6454	1
22223	26735	-201.138	0.000	0.7577	0.6200	1
22223	26757	-202.122	0.000	0.7315	0.5789	1
22228	22239	-1.008	0.000	0.9608	0.8817	1
22229	22247	-1.035	0.000	0.8748	0.8233	1
22229	22259	-2.005	0.000	0.8027	0.7746	1
22234	22252	-1.000	0.000	0.9703	0.9160	1
22234	22274	-2.004	0.000	0.9560	0.8922	1
22234	22290	-2.992	0.000	0.7713	0.6330	1
22234	36066	-0.002	0.000	0.7531	0.7052	1
22234	36106	-2.000	0.000	0.7262	0.6449	1
22237	22264	-0.996	0.000	0.9449	0.8998	1
22241	22266	-0.996	0.000	0.7102	0.5191	1
22241	22290	-790.409	0.000	0.7689	0.7095	1
22246	22271	-0.999	0.000	0.9563	0.8960	1
22246	26365	-182.127	0.000	0.7677	0.5721	1
22246	26378	-183.141	0.000	0.8333	0.7298	1
22246	26663	-198.126	0.000	0.7607	0.6256	1
22246	26688	-199.131	0.000	0.8128	0.7092	1
22246	26735	-200.136	0.000	0.7753	0.6466	1
22246	26757	-201.120	0.000	0.7342	0.5988	1
22247	22259	-0.970	0.000	0.9084	0.8875	1
22248	22273	-0.996	0.000	0.7933	0.6345	1
22252	22274	-1.004	0.000	0.9569	0.8852	1
22252	22290	-1.992	0.000	0.8218	0.7437	1
22252	36066	0.998	0.000	0.7545	0.7343	1
22252	36106	-1.000	0.000	0.7230	0.6724	1
22258	22309	-1.008	0.000	0.9341	0.8449	1
22262	22277	-1.002	0.000	0.9847	0.9400	1
22262	22310	-2.016	0.000	0.9609	0.8827	1
22271	26365	-181.128	0.000	0.7451	0.5582	1
22271	26378	-182.142	0.000	0.7846	0.6092	1
22271	26663	-197.127	0.000	0.7329	0.5666	1
22271	26688	-198.132	0.000	0.7759	0.6561	1
22271	26735	-199.137	0.000	0.7857	0.6501	1
22271	26757	-200.121	0.000	0.7551	0.6073	1
22274	22290	-0.988	0.000	0.7245	0.5612	1
22274	36066	2.002	0.000	0.7531	0.7175	1
22274	36106	0.004	0.000	0.7257	0.6534	1
22277	22310	-1.014	0.000	0.9577	0.8966	1
22283	22313	-1.005	0.000	0.9093	0.8343	1
22284	22319	-0.998	0.000	0.8868	0.7736	1
22288	26464	-124.008	0.000	0.7289	0.5569	1
22289	22324	-1.004	0.000	0.8097	0.7034	1
22297	22326	-0.996	0.000	0.9094	0.7822	1
22301	22302	0.006	0.000	0.9146	0.7328	1
22306	22314	-0.999	0.000	0.9744	0.9487	1
22306	22337	-2.007	0.000	0.9508	0.9010	1
22308	22329	-0.996	0.000	0.9248	0.8368	1
22311	22333	-1.008	0.000	0.8651	0.7056	1
22311	22738	-17.022	0.000	0.7846	0.6420	1
22314	22337	-1.008	0.000	0.9525	0.9040	1
22322	22358	-1.002	0.000	0.9339	0.8384	1
22332	22347	-0.999	0.000	0.9152	0.8329	1
22332	22368	-1.995	0.000	0.8810	0.8205	1
22332	22821	-18.024	0.000	0.7849	0.6681	1
22332	22846	-19.035	0.000	0.7333	0.6749	1
22335	22336	0.000	0.000	0.8270	0.5650	1
22335	22356	-0.999	0.000	0.9416	0.8490	1
22335	22373	-2.010	0.000	0.9202	0.8492	1
22336	22356	-0.999	0.000	0.8025	0.5293	1
22336	22373	-2.010	0.000	0.7786	0.5113	1
22338	22395	-2.010	0.000	0.8640	0.7186	1
22344	22380	-1.004	0.000	0.8763	0.8072	1
22345	22379	-0.998	0.000	0.8431	0.7430	1
22347	22368	-0.996	0.000	0.9451	0.8840	1
22347	22821	-17.025	0.000	0.7413	0.6261	1
22347	22846	-18.036	0.000	0.7684	0.6878	1
22354	22385	-1.002	0.000	0.9437	0.8761	1
22355	22371	-0.999	0.000	0.9682	0.9287	1
22355	22399	-2.010	0.000	0.9092	0.8723	1
22356	22373	-1.011	0.000	0.9608	0.9004	1
22361	22389	-1.000	0.000	0.9886	0.9642	1
22361	23001	-17.026	0.000	0.8352	0.7058	1
22361	23049	-18.032	0.000	0.8356	0.7052	1
22362	23002	-17.030	0.000	0.9211	0.8413	1
22362	23050	-18.022	0.000	0.8948	0.8174	1
22365	22393	-0.999	0.000	0.8790	0.8594	1
22368	22821	-16.029	0.000	0.7574	0.6538	1
22368	22846	-17.040	0.000	0.7732	0.6909	1
22369	22396	-1.005	0.000	0.9656	0.9221	1
22371	22399	-1.011	0.000	0.9550	0.9155	1
22374	22401	-0.996	0.000	0.8868	0.8254	1
22375	22402	-1.005	0.000	0.8672	0.7083	1
22376	22400	-0.999	0.000	0.9384	0.8911	1
22376	22425	-1.998	0.000	0.8235	0.7798	1
22376	26877	-200.139	0.000	0.7430	0.6670	1
22382	22420	-1.006	0.000	0.9176	0.8418	1
22383	25873	-100.024	0.000	0.7205	0.5634	1
22387	22414	-0.998	0.000	0.8888	0.8299	1
22389	23001	-16.026	0.000	0.8236	0.6900	1
22389	23049	-17.032	0.000	0.8476	0.7104	1
22400	22425	-0.999	0.000	0.8879	0.8410	1
22400	26877	-199.140	0.000	0.7612	0.7158	1
22416	22446	-1.012	0.000	0.8760	0.7710	1
22429	22444	-1.000	0.000	0.8985	0.8243	1
22431	22454	-1.012	0.000	0.9196	0.8518	1
22431	22472	-2.020	0.000	0.9193	0.8468	1
22431	22780	-16.000	0.000	0.7763	0.6650	1
22431	36182	-1.007	0.000	0.7831	0.6608	1
22431	36187	-2.012	0.000	0.7525	0.6193	1
22431	36191	-3.029	0.000	0.7819	0.6842	1
22434	22460	-0.990	0.000	0.8734	0.7935	1
22435	22459	-1.014	0.000	0.8268	0.7491	1
22437	22463	-1.014	0.000	0.9580	0.8948	1
22437	22486	789.367	0.000	0.8678	0.7755	1
22454	22472	-1.008	0.000	0.9011	0.8232	1
22454	22807	-15.992	0.000	0.7784	0.6557	1
22454	36182	0.005	0.000	0.7739	0.6466	1
22454	36187	-1.000	0.000	0.7387	0.5995	1
22454	36191	-2.017	0.000	0.7503	0.6528	1
22461	22483	-0.999	0.000	0.9285	0.8248	1
22463	22486	790.382	0.000	0.8879	0.7682	1
22468	22493	-0.988	0.000	0.8331	0.7393	1
22469	22494	-1.004	0.000	0.8687	0.7419	1
22472	36182	1.013	0.000	0.7629	0.6306	1
22472	36187	0.008	0.000	0.7584	0.6278	1
22472	36191	-1.009	0.000	0.7538	0.6425	1
22477	22478	-0.006	0.000	0.8148	0.5742	1
22485	22516	-0.996	0.000	0.8117	0.6922	1
22489	22517	-1.002	0.000	0.8854	0.7647	1
22489	22538	-2.019	0.000	0.8319	0.7325	1
22495	22507	-0.984	0.000	0.9211	0.8643	1
22502	22530	-1.002	0.000	0.9742	0.9187	1
22504	22513	-1.008	0.000	0.9326	0.8511	1
22504	36188	0.998	0.000	0.7077	0.7004	1
22504	36192	0.005	0.000	0.7104	0.7146	1
22504	36198	-1.006	0.000	0.7248	0.6941	1
22504	36347	-18.025	0.000	0.7080	0.6909	1
22507	22527	-1.000	0.000	0.7291	0.7322	1
22517	22538	-1.017	0.000	0.8656	0.7715	1
22518	22539	-1.005	0.000	0.8832	0.7252	1
22520	22550	-1.000	0.000	0.9170	0.8341	1
22520	23056	-14.008	0.000	0.8891	0.7361	1
22520	23085	-15.020	0.000	0.7198	0.6823	1
22522	22556	-1.000	0.000	0.9852	0.9502	1
22524	22576	-1.014	0.000	0.8572	0.7876	1
22525	22572	-1.012	0.000	0.9337	0.8534	1
22527	22573	-1.996	0.000	0.8683	0.7919	1
22527	22578	-2.016	0.000	0.7803	0.5041	1
22527	31618	345.178	0.000	0.7271	0.5635	1
22527	31635	344.173	0.000	0.7547	0.6648	1
22527	31659	343.171	0.000	0.7243	0.6373	1
22527	36197	0.988	0.000	0.7652	0.7236	1
22527	36201	0.007	0.000	0.7483	0.7017	1
22527	36209	-0.995	0.000	0.7485	0.6658	1
22534	22560	-1.014	0.000	0.8460	0.7351	1
22541	22566	-1.008	0.000	0.9212	0.8525	1
22546	22589	-1.011	0.000	0.7488	0.6635	1
22546	22598	791.382	0.000	0.8558	0.7407	1
22546	22614	-2.028	0.000	0.7229	0.6328	1
22550	23056	-13.008	0.000	0.7109	0.6402	1
22550	23085	-14.020	0.000	0.9175	0.8000	1
22551	22553	-0.009	0.000	0.9084	0.6868	1
22551	22588	-1.014	0.000	0.9476	0.8325	1
22552	22600	-1.004	0.000	0.9461	0.8955	1
22553	22588	-1.005	0.000	0.8835	0.6191	1
22561	22603	-0.998	0.000	0.9256	0.8018	1
22569	22593	-1.011	0.000	0.8463	0.6926	1
22569	22619	-2.013	0.000	0.8529	0.6821	1
22573	22578	-0.020	0.000	0.7652	0.5099	1
22573	31618	347.174	0.000	0.7393	0.5870	1
22573	31619	347.174	0.000	0.7143	0.5495	1
22573	31635	346.169	0.000	0.7437	0.6119	1
22573	31658	345.206	0.000	0.7315	0.5294	1
22573	31659	345.167	0.000	0.7894	0.6724	1
22573	36201	2.003	0.000	0.7256	0.6423	1
22573	36209	1.001	0.000	0.7387	0.6445	1
22589	22614	-1.017	0.000	0.8762	0.8109	1
22592	22618	-0.996	0.000	0.9116	0.7995	1
22593	22619	-1.002	0.000	0.8753	0.7509	1
22595	22609	-1.000	0.000	0.8852	0.8052	1
22595	22621	-2.010	0.000	0.8642	0.8031	1
22597	26039	-99.030	0.000	0.9169	0.8190	1
22597	26067	-100.028	0.000	0.8713	0.7375	1
22605	22653	-1.008	0.000	0.8909	0.7887	1
22607	22655	-1.002	0.000	0.9748	0.9331	1
22609	22621	-1.010	0.000	0.8641	0.7863	1
22611	22626	-0.999	0.000	0.9611	0.8982	1
22617	22629	-0.984	0.000	0.8606	0.7560	1
22617	22678	-1.989	0.000	0.8587	0.7720	1
22622	22684	-1.010	0.000	0.9505	0.8908	1
22627	22667	-0.999	0.000	0.8581	0.7393	1
22629	22678	-1.005	0.000	0.8781	0.7462	1
22635	22636	-0.003	0.000	0.8108	0.6222	1
22635	22673	-1.005	0.000	0.8375	0.6860	1
22636	22673	-1.002	0.000	0.9586	0.8994	1
22637	22677	-0.999	0.000	0.9630	0.9121	1
22644	22679	-0.996	0.000	0.9605	0.8793	1
22644	22715	-2.010	0.000	0.8284	0.6317	1
22644	28594	-275.166	0.000	0.7512	0.4580	1
22644	28623	-276.171	0.000	0.8056	0.6287	1
22644	28642	-277.164	0.000	0.7773	0.5914	1
22645	22648	-0.002	0.000	0.8628	0.6405	1
22652	22661	-0.992	0.000	0.8083	0.6697	1
22652	22692	-1.992	0.000	0.7860	0.6666	1
22654	22682	-1.005	0.000	0.9672	0.8418	1
22654	22716	-2.013	0.000	0.9444	0.8240	1
22657	22705	-1.012	0.000	0.9374	0.8691	1
22661	22692	-1.000	0.000	0.9298	0.8817	1
22663	22703	-0.992	0.000	0.7307	0.4447	1
22664	36257	1.002	0.000	0.7060	0.5734	1
22667	22729	792.329	0.000	0.8424	0.7335	1
22668	22712	-1.005	0.000	0.9598	0.8700	1
22668	22714	-1.011	0.000	0.7310	0.4911	1
22668	22731	-2.010	0.000	0.9335	0.8234	1
22679	22715	-1.014	0.000	0.8218	0.6322	1
22679	28594	-274.170	0.000	0.7481	0.4496	1
22679	28623	-275.175	0.000	0.8410	0.6932	1
22679	28642	-276.168	0.000	0.8013	0.6223	1
22682	22716	-1.008	0.000	0.9724	0.8880	1
22686	22720	-0.982	0.000	0.8493	0.7171	1
22686	22800	-1.990	0.000	0.7284	0.6387	1
22695	22764	-1.002	0.000	0.9541	0.9132	1
22701	22756	-1.002	0.000	0.8556	0.7305	1
22703	36270	0.999	0.000	0.7243	0.6133	1
22703	36283	0.003	0.000	0.7153	0.5934	1
22707	22719	-1.000	0.000	0.9117	0.7645	1
22707	22736	-1.990	0.000	0.8488	0.6961	1
22712	22714	-0.006	0.000	0.7592	0.5324	1
22712	22731	-1.005	0.000	0.9492	0.8728	1
22714	22731	-0.999	0.000	0.7344	0.5130	1
22715	28623	-274.161	0.000	0.7111	0.4978	1
22715	28642	-275.154	0.000	0.7480	0.5655	1
22718	22747	1587.800	0.000	0.8517	0.6783	1
22718	22778	-2.004	0.000	0.8053	0.6852	1
22719	22736	-0.990	0.000	0.8659	0.6550	1
22720	22800	-1.008	0.000	0.9288	0.8389	1
22730	22801	-1.004	0.000	0.9777	0.9365	1
22747	22778	-1589.804	0.000	0.8004	0.6159	1
22748	22750	-0.006	0.000	0.8697	0.6115	1
22748	22791	-0.996	0.000	0.9240	0.8140	1
22748	30398	-368.259	0.000	0.8310	0.6419	1
22750	22791	-0.990	0.000	0.8862	0.6291	1
22750	30398	-368.253	0.000	0.7885	0.4760	1
22753	22793	-0.996	0.000	0.9184	0.8157	1
22760	22777	-0.976	0.000	0.8835	0.7827	1
22760	22805	-1.988	0.000	0.8920	0.8112	1
22761	22806	-1.004	0.000	0.9534	0.9017	1
22761	23342	-17.036	0.000	0.9667	0.8648	1
22761	25139	-71.038	0.000	0.9451	0.8636	1
22761	29105	-200.078	0.000	0.9196	0.7979	1
22762	22766	0.003	0.000	0.7877	0.5567	1
22768	22797	-1.002	0.000	0.9652	0.9088	1
22769	22808	-0.998	0.000	0.9201	0.8506	1
22771	22812	-1.006	0.000	0.9777	0.9319	1
22777	22805	-1.012	0.000	0.9211	0.8596	1
22780	22807	-1.004	0.000	0.9033	0.8343	1
22780	22830	1588.362	0.000	0.9381	0.8679	1
22780	22831	-2.020	0.000	0.7114	0.4902	1
22780	22868	-3.000	0.000	0.8846	0.7879	1
22780	23078	-18.008	0.000	0.8897	0.8133	1
22780	23102	-19.040	0.000	0.8775	0.8183	1
22780	23383	-34.984	0.000	0.9072	0.8347	1
22780	23392	-35.988	0.000	0.8443	0.7162	1
22780	36311	0.005	0.000	0.7442	0.6553	1
22780	36314	-1.000	0.000	0.7610	0.6703	1
22780	36323	-1.999	0.000	0.7518	0.6609	1
22780	36466	-18.016	0.000	0.7310	0.6292	1
22780	36472	-19.018	0.000	0.7381	0.6360	1
22780	36591	-33.979	0.000	0.7510	0.6233	1
22780	36602	-34.981	0.000	0.7546	0.6717	1
22780	36611	-35.986	0.000	0.7263	0.6164	1
22780	36618	-36.988	0.000	0.7054	0.6496	1
22780	36778	-52.012	0.000	0.7332	0.6214	1
22780	36785	-53.008	0.000	0.7458	0.6431	1
22785	22814	-1.008	0.000	0.9488	0.8701	1
22790	22816	-0.990	0.000	0.9597	0.8901	1
22790	22843	-2.013	0.000	0.9513	0.8966	1
22790	23160	-17.022	0.000	0.8347	0.7465	1
22790	23194	-18.036	0.000	0.7489	0.6447	1
22791	23159	-17.040	0.000	0.7361	0.6667	1
22791	30423	-368.265	0.000	0.8393	0.6336	1
22795	23131	-15.996	0.000	0.7590	0.6462	1
22799	28422	-1057.541	0.000	0.7280	0.5625	1
22799	29748	-1128.569	0.000	0.7470	0.5215	1
22799	29749	-1128.572	0.000	0.7548	0.5528	1
22799	29763	-1129.583	0.000	0.7447	0.5239	1
22799	29780	-1130.579	0.000	0.7478	0.5399	1
22799	29782	-1130.582	0.000	0.7648	0.6101	1
22799	30047	-1145.597	0.000	0.7393	0.5282	1
22799	30067	-1146.602	0.000	0.7454	0.5166	1
22799	30070	-1146.602	0.000	0.7612	0.5951	1
22799	30097	-1147.604	0.000	0.7497	0.5616	1
22803	22841	-0.996	0.000	0.9120	0.7058	1
22803	22847	-1.006	0.000	0.9535	0.8808	1
22804	22828	-1.004	0.000	0.9156	0.8677	1
22804	22851	-2.016	0.000	0.8812	0.8340	1
22806	23342	-16.032	0.000	0.9408	0.8198	1
22806	25139	-70.034	0.000	0.8396	0.7578	1
22806	29105	-199.074	0.000	0.8115	0.6901	1
22807	22830	1589.366	0.000	0.9402	0.8786	1
22807	22831	-1.016	0.000	0.7125	0.4870	1
22807	22868	-1.996	0.000	0.8963	0.7922	1
22807	23078	-17.004	0.000	0.8802	0.8030	1
22807	23102	-18.036	0.000	0.8797	0.8179	1
22807	23383	-33.980	0.000	0.8998	0.8418	1
22807	23392	-34.984	0.000	0.8607	0.7357	1
22807	36311	1.009	0.000	0.7421	0.6657	1
22807	36314	0.004	0.000	0.7678	0.6977	1
22807	36323	-0.995	0.000	0.7600	0.6851	1
22807	36466	-17.012	0.000	0.7474	0.6714	1
22807	36472	-18.014	0.000	0.7361	0.6484	1
22807	36591	-32.975	0.000	0.7243	0.5873	1
22807	36602	-33.977	0.000	0.7470	0.6663	1
22807	36611	-34.982	0.000	0.7390	0.6417	1
22807	36618	-35.984	0.000	0.7164	0.6574	1
22807	36778	-51.008	0.000	0.7164	0.6078	1
22807	36785	-52.004	0.000	0.7453	0.6419	1
22813	22840	-796.244	0.000	0.7625	0.6139	1
22813	22871	-1.002	0.000	0.9630	0.9074	1
22816	22843	-1.023	0.000	0.9462	0.9020	1
22816	23160	-16.032	0.000	0.8015	0.7136	1
22816	23194	-17.046	0.000	0.7883	0.6686	1
22821	22846	-1.011	0.000	0.7968	0.7557	1
22822	22859	-1.011	0.000	0.9143	0.8327	1
22828	22851	-1.012	0.000	0.8566	0.7844	1
22830	22831	-1590.382	0.000	0.7223	0.5005	1
22830	22868	-1591.362	0.000	0.9106	0.8054	1
22830	23078	-1606.370	0.000	0.8916	0.7978	1
22830	23102	-1607.402	0.000	0.9184	0.8729	1
22830	23383	-1623.346	0.000	0.9031	0.8260	1
22830	23392	-1624.350	0.000	0.8735	0.7568	1
22830	36311	-1588.356	0.000	0.7728	0.7076	1
22830	36314	-1589.362	0.000	0.7900	0.7041	1
22830	36323	-1590.361	0.000	0.7882	0.7071	1
22830	36466	-1606.378	0.000	0.7648	0.6776	1
22830	36472	-1607.380	0.000	0.7681	0.6723	1
22830	36591	-1622.341	0.000	0.7553	0.6354	1
22830	36602	-1623.343	0.000	0.7669	0.6810	1
22830	36611	-1624.348	0.000	0.7610	0.6531	1
22830	36618	-1625.350	0.000	0.7454	0.6942	1
22830	36778	-1640.374	0.000	0.7522	0.6547	1
22830	36785	-1641.370	0.000	0.7826	0.6961	1
22831	22868	-0.980	0.000	0.7248	0.5436	1
22831	23078	-15.988	0.000	0.7238	0.4998	1
22831	23102	-17.020	0.000	0.7018	0.4916	1
22831	23392	-33.968	0.000	0.7221	0.5285	1
22836	23186	-15.978	0.000	0.7979	0.6646	1
22840	22871	795.242	0.000	0.7549	0.6265	1
22840	22877	-0.996	0.000	0.7613	0.6712	1
22841	22847	-0.010	0.000	0.8907	0.6398	1
22843	23160	-15.009	0.000	0.7895	0.7209	1
22843	23194	-16.023	0.000	0.7390	0.6354	1
22860	23196	-16.002	0.000	0.7210	0.5945	1
22862	22883	-1.002	0.000	0.8835	0.7974	1
22863	22880	-0.993	0.000	0.7595	0.5002	1
22868	23078	-15.008	0.000	0.8508	0.7412	1
22868	23102	-16.040	0.000	0.8816	0.7898	1
22868	23383	-31.984	0.000	0.8601	0.7468	1
22868	23392	-32.988	0.000	0.8487	0.7652	1
22868	36191	15.971	0.000	0.7019	0.5928	1
22868	36314	2.000	0.000	0.7264	0.6044	1
22868	36323	1.001	0.000	0.7325	0.6029	1
22868	36466	-15.016	0.000	0.7025	0.5774	1
22868	36472	-16.018	0.000	0.7135	0.5711	1
22868	36611	-32.986	0.000	0.7092	0.5522	1
22868	36618	-33.988	0.000	0.7441	0.6602	1
22868	36785	-50.008	0.000	0.7300	0.6178	1
22872	22887	-1.015	0.000	0.8651	0.7712	1
22873	22888	1590.746	0.000	0.8911	0.7502	1
22873	22907	-2.008	0.000	0.8978	0.7923	1
22873	22911	-2.996	0.000	0.8627	0.7557	1
22880	22881	-0.009	0.000	0.7999	0.6138	1
22880	22901	-0.996	0.000	0.8727	0.8044	1
22880	22923	-1.998	0.000	0.7813	0.7731	1
22881	22901	-0.987	0.000	0.7387	0.5871	1
22882	22886	-0.015	0.000	0.7214	0.4925	1
22882	22905	-1.008	0.000	0.7238	0.4806	1
22884	22906	-1.005	0.000	0.8701	0.7271	1
22884	22929	-1.998	0.000	0.8560	0.7185	1
22886	22905	-0.993	0.000	0.9575	0.9205	1
22888	22907	-1592.754	0.000	0.9119	0.8221	1
22888	22911	-1593.742	0.000	0.8188	0.6623	1
22897	22932	-1.006	0.000	0.9340	0.8484	1
22901	22923	-1.002	0.000	0.9746	0.9290	1
22904	22928	-1.011	0.000	0.7878	0.6204	1
22906	22929	-0.993	0.000	0.9171	0.8607	1
22907	22911	-0.988	0.000	0.8159	0.6570	1
22910	22945	-1.004	0.000	0.9571	0.8862	1
22922	22938	-1.000	0.000	0.9187	0.8461	1
22922	23363	775.421	0.000	0.7591	0.6725	1
22922	23394	774.428	0.000	0.7551	0.6609	1
22922	23916	-57.012	0.000	0.8287	0.6936	1
22922	23937	-58.020	0.000	0.8115	0.6697	1
22933	22949	-1.006	0.000	0.8347	0.6810	1
22938	23363	776.421	0.000	0.7568	0.6667	1
22938	23394	775.428	0.000	0.7555	0.6608	1
22938	23916	-56.012	0.000	0.8118	0.6489	1
22938	23937	-57.020	0.000	0.8342	0.6809	1
22944	22960	-0.999	0.000	0.9253	0.8574	1
22948	22971	-1.002	0.000	0.8916	0.7754	1
22952	22953	0.000	0.000	0.9301	0.7332	1
22952	22978	-1.006	0.000	0.9620	0.8695	1
22953	22978	-1.006	0.000	0.9030	0.7221	1
22954	22972	-0.864	0.000	0.8724	0.8011	1
22966	22986	-0.999	0.000	0.9037	0.8334	1
22968	22985	-0.984	0.000	0.9272	0.7869	1
22968	23008	-1.992	0.000	0.9151	0.8184	1
22982	22997	-1.004	0.000	0.8095	0.6713	1
22985	23008	-1.008	0.000	0.9620	0.8919	1
22991	23020	-0.994	0.000	0.8932	0.7525	1
22999	23027	-0.994	0.000	0.7816	0.5744	1
23000	23046	-0.998	0.000	0.9424	0.8422	1
23001	23049	-1.006	0.000	0.9631	0.9062	1
23002	23050	-0.992	0.000	0.9521	0.8806	1
23013	23041	-1.005	0.000	0.9879	0.9510	1
23013	23362	-15.993	0.000	0.8187	0.6934	1
23013	23398	-16.989	0.000	0.7156	0.6386	1
23038	23061	-0.996	0.000	0.9560	0.8978	1
23041	23362	-14.988	0.000	0.7163	0.6216	1
23041	23398	-15.984	0.000	0.8277	0.7314	1
23041	23427	-16.986	0.000	0.7554	0.6614	1
23043	23634	-17.032	0.000	0.8677	0.7782	1
23052	23068	-0.993	0.000	0.8939	0.8200	1
23052	23091	-1.995	0.000	0.8005	0.7362	1
23056	23085	-1.012	0.000	0.9376	0.8619	1
23059	23075	-0.992	0.000	0.9112	0.8611	1
23067	23081	-1.002	0.000	0.8744	0.7693	1
23067	23106	-1.995	0.000	0.8363	0.7110	1
23068	23091	-1.002	0.000	0.9055	0.8211	1
23071	23092	-0.990	0.000	0.8899	0.7735	1
23073	23097	-0.978	0.000	0.8086	0.5678	1
23073	23100	-0.990	0.000	0.9279	0.8717	1
23078	23102	-1.032	0.000	0.8511	0.7917	1
23078	23383	-16.976	0.000	0.8498	0.7608	1
23078	23392	-17.980	0.000	0.8473	0.7265	1
23078	36311	18.013	0.000	0.7292	0.6431	1
23078	36314	17.008	0.000	0.7539	0.6756	1
23078	36323	16.009	0.000	0.7450	0.6807	1
23078	36466	-0.008	0.000	0.7437	0.6713	1
23078	36472	-1.010	0.000	0.7115	0.6239	1
23078	36591	-15.971	0.000	0.7040	0.5580	1
23078	36602	-16.973	0.000	0.7243	0.6120	1
23078	36611	-17.978	0.000	0.7091	0.5947	1
23078	36778	-34.004	0.000	0.7403	0.6415	1
23078	36785	-35.000	0.000	0.7237	0.6154	1
23080	23105	-1.014	0.000	0.9578	0.8786	1
23080	23120	-2.013	0.000	0.9378	0.8473	1
23080	23501	-18.048	0.000	0.9150	0.8042	1
23080	31782	-433.182	0.000	0.8049	0.6324	1
23081	23106	-0.993	0.000	0.9447	0.8561	1
23084	23108	-1.005	0.000	0.9825	0.9434	1
23084	23127	-1.992	0.000	0.8587	0.8223	1
23097	23100	-0.012	0.000	0.8129	0.5720	1
23102	23383	-15.944	0.000	0.8720	0.8193	1
23102	23392	-16.948	0.000	0.8423	0.7476	1
23102	36311	19.045	0.000	0.7134	0.6633	1
23102	36314	18.040	0.000	0.7400	0.6643	1
23102	36323	17.041	0.000	0.7389	0.6571	1
23102	36466	1.024	0.000	0.7288	0.6502	1
23102	36472	0.022	0.000	0.7332	0.6250	1
23102	36618	-17.948	0.000	0.7007	0.6520	1
23102	36785	-33.968	0.000	0.7418	0.6857	1
23104	23117	-0.985	0.000	0.7897	0.6285	1
23105	23120	-0.999	0.000	0.9578	0.8938	1
23105	23501	-17.034	0.000	0.9022	0.7926	1
23105	31782	-432.168	0.000	0.8187	0.6447	1
23107	23126	-1.002	0.000	0.9720	0.9152	1
23107	23147	-1.995	0.000	0.9542	0.8900	1
23108	23127	-0.987	0.000	0.8251	0.7474	1
23109	23153	-2.022	0.000	0.8788	0.8153	1
23112	23133	-0.993	0.000	0.9542	0.8834	1
23112	23166	-2.013	0.000	0.8724	0.7989	1
23113	23134	-1.005	0.000	0.9575	0.8761	1
23113	23167	-2.007	0.000	0.8125	0.6967	1
23113	23404	-12.009	0.000	0.8275	0.6832	1
23113	23521	-17.031	0.000	0.9335	0.8337	1
23113	23545	-18.027	0.000	0.8950	0.8138	1
23120	23501	-16.035	0.000	0.8789	0.7542	1
23120	31782	-431.169	0.000	0.7859	0.5755	1
23122	23141	-1.011	0.000	0.9212	0.8700	1
23122	23184	-1.983	0.000	0.8214	0.7217	1
23122	23218	-2.955	0.000	0.7631	0.5918	1
23122	23536	-17.010	0.000	0.8501	0.7718	1
23122	23563	-18.009	0.000	0.8373	0.7813	1
23122	23584	-19.002	0.000	0.7941	0.6986	1
23126	23147	-0.993	0.000	0.9442	0.8713	1
23127	23149	-1.002	0.000	0.8272	0.7487	1
23130	23157	-1.005	0.000	0.9661	0.9123	1
23130	24144	-41.994	0.000	0.7164	0.6253	1
23130	24161	-43.023	0.000	0.7296	0.6774	1
23131	23164	799.394	0.000	0.8747	0.7470	1
23132	23163	-1.002	0.000	0.8716	0.7567	1
23133	23166	-1.020	0.000	0.8949	0.8396	1
23134	23167	-1.002	0.000	0.8192	0.7108	1
23134	23521	-16.026	0.000	0.9685	0.9076	1
23134	23545	-17.022	0.000	0.9265	0.8140	1
23141	23184	-0.972	0.000	0.7768	0.6553	1
23141	23218	-1.944	0.000	0.7443	0.5861	1
23141	23536	-15.999	0.000	0.7574	0.6660	1
23141	23563	-16.998	0.000	0.7675	0.7062	1
23141	23584	-17.991	0.000	0.7286	0.6383	1
23142	23186	-1.002	0.000	0.9880	0.9643	1
23142	23220	-1.998	0.000	0.9481	0.8766	1
23150	23192	-1.005	0.000	0.9294	0.8668	1
23150	23225	-1.986	0.000	0.7093	0.7037	1
23157	24161	-42.018	0.000	0.7922	0.7179	1
23159	30717	-368.241	0.000	0.7527	0.6203	1
23160	23194	-1.014	0.000	0.9061	0.8415	1
23165	23196	-1.005	0.000	0.9505	0.8893	1
23165	23227	-1.989	0.000	0.8942	0.7711	1
23167	23521	-15.024	0.000	0.8076	0.6522	1
23167	23545	-16.020	0.000	0.7815	0.6498	1
23174	23211	-0.996	0.000	0.8345	0.7719	1
23175	23217	-1.002	0.000	0.9470	0.8971	1
23184	23218	-0.972	0.000	0.9211	0.8245	1
23184	23536	-15.027	0.000	0.8497	0.7890	1
23184	23563	-16.026	0.000	0.8349	0.7473	1
23184	23584	-17.019	0.000	0.8347	0.7632	1
23185	23219	-1.005	0.000	0.9666	0.8833	1
23185	23235	-2.004	0.000	0.8462	0.6468	1
23186	23220	-0.996	0.000	0.9504	0.8778	1
23192	23225	-0.981	0.000	0.8834	0.7894	1
23192	23245	-2.016	0.000	0.7062	0.6411	1
23196	23227	-0.984	0.000	0.9139	0.8126	1
23198	23231	-0.993	0.000	0.8765	0.8437	1
23204	23243	-1.004	0.000	0.9232	0.8128	1
23207	23259	-1.008	0.000	0.9128	0.8612	1
23209	23234	-0.978	0.000	0.7318	0.6438	1
23216	23233	-0.988	0.000	0.8761	0.6903	1
23216	23265	-1.980	0.000	0.8536	0.6289	1
23218	23536	-14.055	0.000	0.7695	0.6298	1
23218	23563	-15.054	0.000	0.7521	0.5787	1
23218	23584	-16.047	0.000	0.7558	0.6122	1
23219	23235	-0.999	0.000	0.8672	0.6451	1
23223	23241	-1.005	0.000	0.9301	0.8474	1
23224	23236	-0.999	0.000	0.7596	0.7438	1
23225	23245	-1.035	0.000	0.8772	0.7667	1
23226	23250	-1.005	0.000	0.9601	0.9088	1
23226	23276	-2.007	0.000	0.9158	0.8229	1
23226	23618	-17.028	0.000	0.9358	0.8427	1
23226	23641	-18.030	0.000	0.9364	0.8308	1
23226	23642	-18.024	0.000	0.8171	0.5606	1
23226	23658	-19.029	0.000	0.8956	0.7748	1
23227	23237	-802.350	0.000	0.7399	0.6249	1
23230	23261	-1.008	0.000	0.8216	0.6286	1
23231	23254	-0.972	0.000	0.7448	0.7138	1
23233	23265	-0.992	0.000	0.8801	0.6920	1
23249	23285	-1.002	0.000	0.9725	0.9183	1
23250	23276	-1.002	0.000	0.9336	0.8562	1
23250	23618	-16.023	0.000	0.9497	0.8754	1
23250	23641	-17.025	0.000	0.9569	0.8714	1
23250	23642	-17.019	0.000	0.8573	0.6134	1
23250	23658	-18.024	0.000	0.9142	0.8114	1
23252	23275	-1.008	0.000	0.9608	0.9085	1
23255	23256	-0.002	0.000	0.8880	0.6777	1
23255	23289	-1.010	0.000	0.8455	0.6352	1
23256	23289	-1.008	0.000	0.9484	0.8977	1
23269	23283	-0.988	0.000	0.8903	0.8324	1
23269	23302	-2.012	0.000	0.7701	0.6559	1
23272	23292	-1.016	0.000	0.9611	0.9177	1
23276	23618	-15.021	0.000	0.9363	0.8871	1
23276	23641	-16.023	0.000	0.9417	0.8665	1
23276	23642	-16.017	0.000	0.8260	0.5843	1
23276	23658	-17.022	0.000	0.9080	0.8095	1
23283	23302	-1.024	0.000	0.8455	0.7704	1
23286	23321	-1.000	0.000	0.9463	0.8527	1
23296	23315	-1.008	0.000	0.9787	0.9528	1
23296	23336	-2.010	0.000	0.9099	0.8164	1
23298	23318	-1.005	0.000	0.9562	0.9073	1
23298	23677	-17.019	0.000	0.8309	0.7684	1
23298	23703	-18.018	0.000	0.8944	0.8338	1
23298	23740	-19.035	0.000	0.8636	0.7004	1
23304	23314	801.415	0.000	0.7168	0.6180	1
23312	32709	156.102	0.000	0.7257	0.5970	1
23315	23336	-1.002	0.000	0.9379	0.8561	1
23316	23339	-1.125	0.000	0.8163	0.7417	1
23318	23677	-16.014	0.000	0.8116	0.7302	1
23318	23703	-17.013	0.000	0.8765	0.7866	1
23318	23740	-18.030	0.000	0.8801	0.7319	1
23322	23331	1604.308	0.000	0.7433	0.5879	1
23330	23343	-1.002	0.000	0.9806	0.9402	1
23330	23344	-0.994	0.000	0.8662	0.6434	1
23330	23941	-17.028	0.000	0.9769	0.9307	1
23330	23981	-18.030	0.000	0.9709	0.9225	1
23338	23372	-2.001	0.000	0.8767	0.7666	1
23339	23355	-0.996	0.000	0.8959	0.8356	1
23339	23387	-1.998	0.000	0.8655	0.7538	1
23342	25139	-54.002	0.000	0.7266	0.6871	1
23342	29105	-183.042	0.000	0.7284	0.6878	1
23343	23344	0.008	0.000	0.8813	0.6772	1
23343	23941	-16.026	0.000	0.9657	0.9187	1
23343	23981	-17.028	0.000	0.9641	0.9175	1
23344	23941	-16.034	0.000	0.8519	0.6265	1
23344	23981	-17.036	0.000	0.8413	0.6170	1
23346	23363	-1.008	0.000	0.9424	0.9065	1
23346	23394	-2.001	0.000	0.8201	0.7670	1
23350	23373	-1.011	0.000	0.9020	0.7435	1
23355	23387	-1.002	0.000	0.8957	0.7893	1
23360	23361	-0.004	0.000	0.8343	0.5503	1
23360	23406	-1.004	0.000	0.9040	0.6575	1
23361	23406	-1.000	0.000	0.8099	0.5554	1
23362	23398	-0.996	0.000	0.9589	0.8861	1
23362	23427	-1.998	0.000	0.9227	0.8324	1
23362	23463	-3.006	0.000	0.8220	0.7331	1
23363	23394	-0.993	0.000	0.8770	0.7983	1
23363	23916	-832.433	0.000	0.7366	0.5821	1
23363	23937	-833.441	0.000	0.7334	0.5764	1
23363	39002	1.015	0.000	0.7066	0.7142	1
23363	39005	0.009	0.000	0.7155	0.7211	1
23368	23407	-1.000	0.000	0.9661	0.8777	1
23368	23449	-1.992	0.000	0.8228	0.7287	1
23374	23401	-1.008	0.000	0.9199	0.8559	1
23378	23412	-1.010	0.000	0.9494	0.8810	1
23383	23392	-1.004	0.000	0.8983	0.8044	1
23383	36311	34.989	0.000	0.7372	0.6493	1
23383	36314	33.984	0.000	0.7925	0.7119	1
23383	36323	32.985	0.000	0.7741	0.6836	1
23383	36466	16.968	0.000	0.7432	0.6374	1
23383	36472	15.966	0.000	0.7477	0.6273	1
23383	36591	1.005	0.000	0.7753	0.6694	1
23383	36602	0.003	0.000	0.7878	0.7182	1
23383	36611	-1.002	0.000	0.7971	0.7106	1
23383	36618	-2.004	0.000	0.7964	0.7764	1
23383	36778	-17.028	0.000	0.7815	0.7148	1
23383	36785	-18.024	0.000	0.8003	0.7267	1
23392	36311	35.993	0.000	0.7228	0.5914	1
23392	36314	34.988	0.000	0.7291	0.5771	1
23392	36323	33.989	0.000	0.7465	0.6059	1
23392	36466	17.972	0.000	0.7197	0.5600	1
23392	36472	16.970	0.000	0.7109	0.5422	1
23392	36591	2.009	0.000	0.7532	0.6472	1
23392	36602	1.007	0.000	0.7543	0.6113	1
23392	36611	0.002	0.000	0.7468	0.6066	1
23392	36618	-1.000	0.000	0.7191	0.6288	1
23392	36778	-16.024	0.000	0.7519	0.6420	1
23392	36785	-17.020	0.000	0.7882	0.6967	1
23394	23916	-831.440	0.000	0.7381	0.6205	1
23394	23937	-832.448	0.000	0.7543	0.6261	1
23396	23423	-0.969	0.000	0.8008	0.7319	1
23398	23427	-1.002	0.000	0.9463	0.8958	1
23398	23463	-2.010	0.000	0.8425	0.7792	1
23399	23424	-1.005	0.000	0.8650	0.7417	1
23399	23454	-1.998	0.000	0.8107	0.6394	1
23402	23426	-1.008	0.000	0.9498	0.8447	1
23402	23466	-2.007	0.000	0.8866	0.7108	1
23402	23747	-14.013	0.000	0.9124	0.7237	1
23402	23771	-15.021	0.000	0.7402	0.4813	1
23402	23772	-15.021	0.000	0.7613	0.6354	1
23402	23794	-15.996	0.000	0.7685	0.4843	1
23402	23795	-16.026	0.000	0.7462	0.5627	1
23402	23832	-17.034	0.000	0.8372	0.7346	1
23402	23853	-18.024	0.000	0.8584	0.7554	1
23405	23444	-1.000	0.000	0.9755	0.9400	1
23407	23449	-0.992	0.000	0.8550	0.7263	1
23409	23465	-1.002	0.000	0.9623	0.9299	1
23409	24032	-17.026	0.000	0.8091	0.7352	1
23409	24062	-18.030	0.000	0.8760	0.7860	1
23411	23462	-0.996	0.000	0.9655	0.9071	1
23418	23437	-1.004	0.000	0.7801	0.6486	1
23418	23472	-2.020	0.000	0.7423	0.6152	1
23418	23477	1606.406	0.000	0.7241	0.6058	1
23421	23447	-0.999	0.000	0.9661	0.9160	1
23421	24201	-33.948	0.000	0.8030	0.6661	1
23421	24231	-34.953	0.000	0.7356	0.6086	1
23423	23459	-1.002	0.000	0.8072	0.6534	1
23424	23454	-0.993	0.000	0.9093	0.7282	1
23426	23466	-0.999	0.000	0.9212	0.7822	1
23426	23747	-13.005	0.000	0.7693	0.5928	1
23426	23771	-14.013	0.000	0.8644	0.6725	1
23426	23772	-14.013	0.000	0.9207	0.8208	1
23426	23794	-14.988	0.000	0.8093	0.5675	1
23426	23795	-15.018	0.000	0.7638	0.6019	1
23426	23832	-16.026	0.000	0.8382	0.7710	1
23426	23853	-17.016	0.000	0.8626	0.8083	1
23427	23463	-1.008	0.000	0.7919	0.7146	1
23437	23472	-1.016	0.000	0.9355	0.8917	1
23437	23477	1607.410	0.000	0.8647	0.7460	1
23447	24201	-32.949	0.000	0.7171	0.5752	1
23447	24231	-33.954	0.000	0.8271	0.7223	1
23458	23490	-0.992	0.000	0.9482	0.9026	1
23464	23475	-1.012	0.000	0.8966	0.7901	1
23465	24032	-16.024	0.000	0.8132	0.7189	1
23465	24062	-17.028	0.000	0.9075	0.7926	1
23466	23747	-12.006	0.000	0.7464	0.5778	1
23466	23771	-13.014	0.000	0.7284	0.5104	1
23466	23772	-13.014	0.000	0.7731	0.6300	1
23466	23794	-13.989	0.000	0.8758	0.6489	1
23466	23795	-14.019	0.000	0.8799	0.7219	1
23466	23832	-15.027	0.000	0.8241	0.7486	1
23466	23853	-16.017	0.000	0.8365	0.7642	1
23472	23477	1608.426	0.000	0.8726	0.7514	1
23473	36634	-0.005	0.000	0.7128	0.6302	1
23473	36640	-0.989	0.000	0.7138	0.6435	1
23489	23504	-1.004	0.000	0.9675	0.8981	1
23493	23517	-1.008	0.000	0.8941	0.7629	1
23493	24003	-13.990	0.000	0.8583	0.7210	1
23498	23915	-15.993	0.000	0.7131	0.5375	1
23499	23518	-1.008	0.000	0.9231	0.8755	1
23500	23525	-0.996	0.000	0.8754	0.7700	1
23500	23533	-2.004	0.000	0.8395	0.7188	1
23501	31782	-415.134	0.000	0.8445	0.6993	1
23510	23565	-1.986	0.000	0.8523	0.7500	1
23517	24030	-13.986	0.000	0.8814	0.7837	1
23521	23545	-0.996	0.000	0.9352	0.8201	1
23525	23533	-1.008	0.000	0.9033	0.8548	1
23527	23562	-1.002	0.000	0.9757	0.9557	1
23536	23563	-0.999	0.000	0.9363	0.8569	1
23536	23584	-1.992	0.000	0.9021	0.8593	1
23540	23567	-1.002	0.000	0.8896	0.8360	1
23540	24506	-43.011	0.000	0.7370	0.6419	1
23541	23546	-0.006	0.000	0.8291	0.6222	1
23541	23571	-1.011	0.000	0.8817	0.6202	1
23541	23603	-2.016	0.000	0.8231	0.5059	1
23544	23570	-0.987	0.000	0.9519	0.9060	1
23546	23571	-1.005	0.000	0.8659	0.6773	1
23546	23603	-2.010	0.000	0.7825	0.5352	1
23547	23572	-1.008	0.000	0.8149	0.7242	1
23550	23573	-1.008	0.000	0.9077	0.8111	1
23554	23575	-0.984	0.000	0.9408	0.8789	1
23554	29958	-416.204	0.000	0.7389	0.6459	1
23560	23605	-0.996	0.000	0.9734	0.9246	1
23563	23584	-0.993	0.000	0.9286	0.8322	1
23567	23594	-1.002	0.000	0.8592	0.8182	1
23567	24506	-42.009	0.000	0.7722	0.6971	1
23571	23603	-1.005	0.000	0.9189	0.8102	1
23575	29958	-415.220	0.000	0.7433	0.6638	1
23576	23601	-1.004	0.000	0.9175	0.8413	1
23576	23612	-1.996	0.000	0.9049	0.8419	1
23576	23629	-3.004	0.000	0.9332	0.8724	1
23585	23623	-1.002	0.000	0.9754	0.9147	1
23594	23617	-0.993	0.000	0.8709	0.7728	1
23596	23627	-1.004	0.000	0.9195	0.8722	1
23601	23612	-0.992	0.000	0.9209	0.8454	1
23601	23629	-2.000	0.000	0.8813	0.7917	1
23602	23620	-0.999	0.000	0.9643	0.9033	1
23603	28728	-243.117	0.000	0.7397	0.6114	1
23607	23608	-0.006	0.000	0.8784	0.6226	1
23609	23632	-0.998	0.000	0.9687	0.9264	1
23609	24954	-42.006	0.000	0.8438	0.7455	1
23609	26029	-71.040	0.000	0.8575	0.6989	1
23609	26054	-72.044	0.000	0.8003	0.6637	1
23612	23629	-1.008	0.000	0.8381	0.7797	1
23614	23638	-0.999	0.000	0.9759	0.9435	1
23614	23656	-2.004	0.000	0.9316	0.8719	1
23614	24020	-17.022	0.000	0.9287	0.8457	1
23614	24049	-18.030	0.000	0.9531	0.9032	1
23614	24073	-19.059	0.000	0.8837	0.7684	1
23618	23641	-1.002	0.000	0.9704	0.9026	1
23618	23642	-0.996	0.000	0.8425	0.6054	1
23618	23658	-2.001	0.000	0.9401	0.8655	1
23619	23640	-1.002	0.000	0.9671	0.8821	1
23619	23650	-1.995	0.000	0.9544	0.8699	1
23621	23645	-0.996	0.000	0.9637	0.8986	1
23625	23653	-1.010	0.000	0.8978	0.8596	1
23626	23657	-1.008	0.000	0.9711	0.9152	1
23632	24974	-42.010	0.000	0.7871	0.6246	1
23632	26029	-70.042	0.000	0.7520	0.5899	1
23632	26054	-71.046	0.000	0.8825	0.7563	1
23638	23656	-1.005	0.000	0.9465	0.8827	1
23638	24020	-16.023	0.000	0.9432	0.8525	1
23638	24049	-17.031	0.000	0.9595	0.8849	1
23638	24073	-18.060	0.000	0.9113	0.8062	1
23640	23650	-0.993	0.000	0.9755	0.9181	1
23641	23642	0.006	0.000	0.8440	0.6232	1
23641	23658	-0.999	0.000	0.9369	0.8371	1
23642	23658	-1.005	0.000	0.8599	0.6223	1
23647	23671	-1.032	0.000	0.7467	0.6465	1
23651	23677	-1.035	0.000	0.8540	0.7188	1
23651	23703	-2.034	0.000	0.7869	0.6700	1
23656	24020	-15.018	0.000	0.9149	0.8150	1
23656	24049	-16.026	0.000	0.9470	0.8761	1
23656	24073	-17.055	0.000	0.8958	0.7696	1
23659	23684	-0.999	0.000	0.9577	0.9108	1
23661	23681	-0.993	0.000	0.8608	0.7680	1
23672	23699	-0.990	0.000	0.8349	0.7230	1
23672	23719	-2.001	0.000	0.8352	0.7203	1
23677	23703	-0.999	0.000	0.9259	0.8769	1
23677	23740	-2.016	0.000	0.7770	0.6033	1
23677	24097	-16.998	0.000	0.7006	0.6670	1
23678	23702	-0.993	0.000	0.8639	0.7922	1
23685	23686	0.000	0.000	0.8865	0.6985	1
23685	23708	-0.999	0.000	0.9728	0.9394	1
23685	23746	-1.995	0.000	0.8198	0.7044	1
23686	23708	-0.999	0.000	0.9304	0.7995	1
23686	23746	-1.995	0.000	0.7845	0.6163	1
